sira,isim,gelirler,gelir_yüzde_degisim,karlar,kar_yuzde_degisim,varliklar,piyasa_degeri,sira_degisikligi,calısanlar
1,Walmart,572754.0,0.024,13673.0,0.012,244860.0,409795.0,-1.3963636363636365,2300000.0
2,Amazon,469822.0,0.217,33364.0,0.564,420549.0,1658807.3,-1.3963636363636365,1608000.0
3,Apple,365817.0,0.3329999999999999,94680.0,0.649,351002.0,2849537.6,-1.3963636363636365,154000.0
4,CVS Health,292111.0,0.087,7910.0,0.102,232999.0,132839.2,-1.3963636363636365,258000.0
5,UnitedHealth Group,287597.0,0.118,17285.0,0.122,212206.0,479830.3,-1.3963636363636365,350000.0
6,Exxon Mobil,285640.0,0.574,23040.0,,338923.0,349652.4,4.0,63000.0
7,Berkshire Hathaway,276094.0,0.125,89795.0,1.112,958784.0,779542.3,-1.0,372000.0
8,Alphabet,257637.0,0.412,76033.0,0.888,359268.0,1842326.1,1.0,156500.0
10,AmerisourceBergen,213988.8,0.127,1539.9,,57337.8,32355.7,-2.0,40000.0
11,Costco Wholesale,195929.0,0.175,5007.0,0.251,59268.0,255230.7,1.0,288000.0
12,Cigna,174078.0,0.085,5365.0,-0.366,154889.0,76286.3,1.0,72963.0
13,AT&T,168864.0,-0.017,20081.0,,551622.0,169262.4,-2.0,202600.0
14,Microsoft,168088.0,0.175,61271.0,0.384,333779.0,2311358.9,1.0,181000.0
15,Cardinal Health,162467.0,0.062,611.0,,44453.0,15709.4,-1.0,46827.0
16,Chevron,162465.0,0.716,15625.0,,239535.0,317120.1,11.0,42595.0
17,Home Depot,151157.0,0.144,16433.0,0.2769999999999999,71876.0,309312.6,1.0,490600.0
18,Walgreens Boots Alliance,148579.0,0.065,2542.0,4.575,81285.0,38671.1,-2.0,258500.0
19,Marathon Petroleum,141032.0,0.585,9738.0,,85373.0,47758.1,13.0,17700.0
20,Elevance Health,138639.0,0.138,6104.0,0.335,97460.0,118533.5,3.0,98200.0
21,Kroger,137888.0,0.0409999999999999,1655.0,-0.36,49086.0,41496.2,-4.0,420000.0
22,Ford Motor,136341.0,0.072,17937.0,,257035.0,67958.2,-1.0,183000.0
23,Verizon Communications,133613.0,0.0409999999999999,22065.0,0.24,366596.0,213837.1,-3.0,118400.0
24,JPMorgan Chase,127202.0,-0.018,48334.0,0.659,3743567.0,402526.9,-5.0,271025.0
25,General Motors,127004.0,0.037,10019.0,0.5589999999999999,244718.0,63555.2,-3.0,157000.0
26,Centene,125982.0,0.134,1347.0,-0.255,78375.0,49072.2,-2.0,72500.0
27,Meta Platforms,117929.0,0.372,39370.0,0.351,165987.0,605251.0,7.0,71970.0
28,Comcast,116385.0,0.124,14159.0,0.344,275905.0,212245.8,-2.0,189000.0
29,Phillips 66,114852.0,0.754,1317.0,,55594.0,41561.0,19.0,14000.0
30,Valero Energy,108332.0,0.802,930.0,,57888.0,41572.2,23.0,9804.0
31,Dell Technologies,106995.0,0.136,5563.0,0.7120000000000001,92735.0,38164.4,-3.0,133000.0
32,Target,106005.0,0.133,6946.0,0.59,53811.0,98134.4,-2.0,450000.0
33,Fannie Mae,101543.0,-0.046,22176.0,0.879,4229166.0,909.1,-8.0,7400.0
34,UPS,97287.0,0.15,12890.0,8.597999999999999,69405.0,186816.6,1.0,400945.0
35,Lowe's,96250.0,0.074,8442.0,0.447,44640.0,133761.1,-4.0,270000.0
36,Bank of America,93851.0,0.001,31978.0,0.787,3169495.0,332433.3,-7.0,208248.0
37,Johnson & Johnson,93775.0,0.136,20878.0,0.419,182018.0,466046.7,-1.0,141700.0
38,Archer Daniels Midland,85249.0,0.325,2709.0,0.529,56136.0,50769.2,13.0,39979.0
39,FedEx,83959.0,0.213,5231.0,3.068,82777.0,59971.3,6.0,484000.0
40,Humana,83064.0,0.077,2933.0,-0.129,44358.0,55154.9,1.0,95500.0
41,Wells Fargo,82407.0,0.026,21548.0,5.528,1948068.0,184225.0,-4.0,247848.0
42,State Farm Insurance,82224.7,0.042,1280.9,-0.657,325349.3,,-3.0,53586.0
43,Pfizer,81288.0,0.94,21979.0,1.286,181476.0,292385.3,34.0,79000.0
44,Citigroup,79865.0,-0.1009999999999999,21952.0,0.987,2291413.0,105330.1,-11.0,221768.0
45,PepsiCo,79474.0,0.129,7618.0,0.07,92377.0,231528.2,-1.0,309000.0
46,Intel,79024.0,0.015,19868.0,-0.049,168406.0,202635.8,-6.0,121100.0
47,Procter & Gamble,76118.0,0.073,14306.0,0.098,119307.0,366271.6,-4.0,101000.0
49,IBM,72344.0,-0.017,5743.0,0.027,132001.0,116928.3,-7.0,297800.0
50,MetLife,71080.0,0.048,6554.0,0.212,759708.0,57986.5,-4.0,43000.0
51,Prudential Financial,70934.0,0.244,7724.0,,937582.0,44482.2,4.0,40916.0
52,Albertsons,69690.4,0.1159999999999999,850.2,0.823,26598.0,16063.7,-1.3963636363636365,300000.0
53,Walt Disney,67418.0,0.031,1995.0,,203609.0,249718.1,-3.0,171000.0
54,Energy Transfer,67417.0,0.731,5470.0,,105963.0,34496.9,27.0,12558.0
55,Lockheed Martin,67044.0,0.025,6315.0,-0.076,50873.0,117648.2,-6.0,114000.0
56,Freddie Mac,65898.0,-0.005,12109.0,0.653,3025586.0,510.3,-9.0,7301.0
57,Goldman Sachs Group,64989.0,0.215,21635.0,1.287,1463988.0,117667.6,2.0,43900.0
58,Raytheon Technologies,64388.0,0.138,3864.0,,161404.0,147640.9,-1.0,174000.0
59,HP,63487.0,0.121,6503.0,1.287,38610.0,38237.2,-3.0,51000.0
61,Morgan Stanley,61121.0,0.174,15034.0,0.367,1188140.0,155685.6,-1.3963636363636365,74814.0
62,HCA Healthcare,58752.0,0.14,6956.0,0.853,50742.0,75691.9,-1.3963636363636365,244000.0
63,AbbVie,56197.0,0.2269999999999999,11542.0,1.5,146529.0,286332.4,5.0,50000.0
64,Dow,54968.0,0.426,6311.0,4.152,62990.0,46839.7,18.0,35700.0
65,Tesla,53823.0,0.7070000000000001,5519.0,6.655,62131.0,1113707.8,35.0,99290.0
66,Allstate,53228.0,0.188,1599.0,-0.713,99440.0,38553.7,4.0,54500.0
67,AIG,52057.0,0.19,9388.0,,596112.0,50608.2,5.0,36600.0
68,Best Buy,51761.0,0.095,2454.0,0.365,17504.0,20473.2,-2.0,81375.0
69,Charter Communications,51682.0,0.075,4654.0,0.444,142491.0,112803.4,-5.0,93700.0
70,Sysco,51297.8,-0.03,524.2,1.433,21413.5,41433.1,-10.0,57710.0
71,Merck,51216.0,0.067,13049.0,0.846,105694.0,207400.5,-6.0,67500.0
72,New York Life Insurance,51198.5,0.096,277.1,,379984.6,,-5.0,14344.0
73,Caterpillar,50971.0,0.221,6489.0,1.164,82793.0,119406.6,5.0,107700.0
74,Cisco Systems,49818.0,0.01,10591.0,-0.0559999999999999,97497.0,231636.4,-11.0,79500.0
75,TJX,48550.0,0.511,3282.8,35.286,28461.5,71195.3,22.0,340000.0
76,Publix Super Markets,48393.9,0.071,4412.2,0.111,31524.3,,-7.0,232000.0
77,ConocoPhillips,48349.0,1.511,8079.0,,90661.0,129605.1,79.0,9900.0
78,Liberty Mutual Insurance Group,48200.0,0.1009999999999999,3068.0,3.047,156043.0,,-7.0,45000.0
79,Progressive,47702.0,0.118,3350.9,-0.413,71132.3,66670.3,-5.0,49077.0
80,Nationwide,47376.0,0.13,1617.2,,278412.2,,-4.0,24134.0
81,Tyson Foods,47049.0,0.089,3047.0,0.478,36309.0,32487.8,-8.0,137000.0
82,Bristol-Myers Squibb,46385.0,0.091,6994.0,,109314.0,155203.5,-7.0,32200.0
83,Nike,44538.0,0.191,5727.0,1.256,37740.0,212779.1,2.0,73300.0
84,Deere,44024.0,0.239,5963.0,1.168,84114.0,127456.6,4.0,75550.0
85,American Express,43663.0,0.143,8060.0,1.571,188548.0,141613.0,-2.0,64000.0
86,Abbott Laboratories,43075.0,0.245,7071.0,0.573,75196.0,208725.8,3.0,113000.0
87,StoneX Group,42534.2,-0.214,116.3,-0.314,18839.6,1494.4,-29.0,3242.0
88,Plains GP Holdings,42078.0,0.807,60.0,,29978.0,2242.9,39.0,4100.0
89,Enterprise Products Partners,40806.9,0.5,4637.7,0.228,67525.6,56172.4,16.0,6911.0
90,TIAA,40526.4,-0.026,4060.7,6.276,698190.8,,-11.0,15065.0
91,Oracle,40479.0,0.036,13746.0,0.356,131107.0,220736.6,-11.0,132000.0
92,Thermo Fisher Scientific,39211.0,0.217,7725.0,0.212,95123.0,231057.4,3.0,129000.0
93,Coca-Cola,38655.0,0.171,9771.0,0.261,94354.0,268769.7,-1.3963636363636365,79000.0
94,General Dynamics,38469.0,0.0139999999999999,3257.0,0.0279999999999999,50073.0,67081.0,-10.0,103100.0
95,CHS,38448.0,0.354,554.0,0.311,17576.3,,8.0,9941.0
96,USAA,37469.6,0.032,3300.0,-0.155,210676.5,,-9.0,37335.0
97,Northwestern Mutual,36751.2,0.088,977.8,1.301,334653.8,,-7.0,7585.0
98,Nucor,36483.9,0.812,6827.5,8.463,25823.1,39954.0,51.0,28800.0
99,Exelon,36347.0,0.1,1706.0,-0.131,133013.0,46683.9,-7.0,31518.0
100,Massachusetts Mutual Life Insurance,35899.5,0.517,319.3,,383292.4,,23.0,10052.0
101,Northrop Grumman,35667.0,-0.031,7005.0,1.197,42579.0,69811.9,-15.0,88000.0
102,3M,35355.0,0.099,5921.0,0.1,47072.0,84738.3,-6.0,95000.0
103,Travelers,34816.0,0.089,3662.0,0.358,120466.0,44129.4,-5.0,30492.0
104,Arrow Electronics,34477.0,0.2019999999999999,1108.2,0.8959999999999999,19535.5,7951.3,-2.0,20700.0
105,Honeywell International,34392.0,0.054,5542.0,0.16,64470.0,133381.0,-11.0,99000.0
106,Dollar General,34220.4,0.0139999999999999,2399.2,-0.096,26327.4,50953.0,-15.0,163000.0
107,Qualcomm,33566.0,0.426,9043.0,0.74,41240.0,172228.1,17.0,45000.0
108,Capital One Financial,32033.0,0.012,12390.0,3.565,432381.0,53260.4,-9.0,50767.0
109,TD Synnex,31614.2,0.281,395.1,-0.253,27666.4,9853.6,8.0,27000.0
110,Philip Morris International,31405.0,0.094,9109.0,0.131,41290.0,145614.7,-9.0,69600.0
111,World Fuel Services,31337.0,0.539,73.7,-0.3279999999999999,5942.4,1715.5,36.0,4414.0
112,Performance Food Group,30398.9,0.212,40.7,,7845.7,7880.9,2.0,22885.0
113,Delta Air Lines,29899.0,0.7490000000000001,280.0,,72459.0,25322.0,65.0,83000.0
115,Netflix,29697.8,0.188,5116.2,0.853,44584.7,166304.1,-1.3963636363636365,11300.0
116,Paramount Global,29579.0,0.13,4543.0,0.8759999999999999,58620.0,24628.8,-7.0,25115.0
117,US Foods Holding,29487.0,0.288,164.0,,12521.0,8392.3,11.0,28000.0
118,Danaher,29453.0,0.322,6433.0,0.764,83184.0,209993.4,12.0,79000.0
119,Jabil,29285.0,0.074,696.0,11.91,16654.0,8857.3,-15.0,238000.0
120,Starbucks,29060.6,0.236,4199.3,3.524,31392.6,104642.8,5.0,383000.0
121,Mondelez International,28720.0,0.08,4300.0,0.21,67092.0,87159.2,-13.0,79000.0
122,Eli Lilly,28318.4,0.154,5581.7,-0.099,48806.0,272723.6,-4.0,35238.0
123,Hewlett Packard Enterprise,27784.0,0.03,3427.0,,57699.0,21725.3,-17.0,60400.0
124,D.R. Horton,27774.2,0.367,4175.8,0.759,24015.9,26403.2,24.0,11788.0
125,Molina Healthcare,27771.0,0.43,659.0,-0.021,12209.0,19572.9,30.0,14000.0
126,CBRE Group,27746.0,0.165,1836.6,1.442,22073.5,30414.2,-4.0,105000.0
127,Micron Technology,27705.0,0.293,5861.0,1.181,58849.0,86977.2,8.0,43000.0
128,Broadcom,27450.0,0.149,6736.0,1.276,75570.0,257086.5,-7.0,20000.0
129,Gilead Sciences,27305.0,0.106,6225.0,49.61,67952.0,74656.5,-13.0,14400.0
130,PBF Energy,27253.4,0.8029999999999999,231.0,,11641.4,2932.6,73.0,3418.0
131,Lennar,27130.7,0.206,4430.1,0.797,33207.8,23413.0,-2.0,10753.0
132,United Natural Foods,26992.0,0.009,149.0,,7525.0,2409.3,-25.0,28300.0
133,NRG Energy,26989.0,1.968,2187.0,3.2880000000000003,23182.0,9289.0,200.0,6635.0
134,Nvidia,26914.0,0.614,9752.0,1.251,44187.0,684878.6,50.0,22473.0
135,Occidental Petroleum,26772.0,0.605,2322.0,,75036.0,53160.2,48.0,11678.0
136,Salesforce,26492.0,0.247,1444.0,-0.645,95209.0,210196.8,1.0,73541.0
137,Dollar Tree,26321.2,0.032,1327.9,-0.01,21721.8,36051.4,-26.0,136226.0
138,KKR,26141.3,1.715,4666.5,1.33,264285.4,51542.9,178.0,3238.0
139,Kraft Heinz,26042.0,-0.005,1012.0,1.843,93394.0,48248.6,-29.0,36000.0
140,Amgen,25979.0,0.022,5893.0,-0.1889999999999999,61165.0,134700.8,-28.0,24200.0
141,AutoNation,25844.0,0.267,1373.0,2.5980000000000003,8943.6,6111.4,4.0,22200.0
142,Penske Automotive Group,25554.7,0.25,1187.8,1.185,13464.6,7196.7,1.0,24797.0
143,PayPal Holdings,25371.0,0.183,4169.0,-0.008,75803.0,134732.8,-9.0,30900.0
144,Macy's,25292.0,0.3979999999999999,1430.0,,17590.0,7123.2,20.0,88857.0
145,Duke Energy,24677.0,0.052,3908.0,1.838,169587.0,85967.0,-19.0,27605.0
147,Visa,24105.0,0.103,12311.0,0.133,82896.0,480022.5,-14.0,21500.0
149,Cummins,24021.0,0.213,2131.0,0.191,23710.0,29140.9,1.0,59900.0
150,U.S. Bancorp,23714.0,-0.06,7963.0,0.606,573284.0,78929.8,-37.0,68796.0
151,Paccar,23522.3,0.256,1852.1,0.426,29301.7,30619.7,8.0,28500.0
152,McDonald's,23222.9,0.209,7545.2,0.595,53854.3,183873.6,5.0,200000.0
153,Southern,23113.0,0.134,2393.0,-0.233,127534.0,76877.0,-7.0,27164.0
154,C.H. Robinson Worldwide,23102.1,0.425,844.2,0.667,7028.1,13855.8,37.0,16877.0
155,Truist Financial,23064.0,-0.0559999999999999,6440.0,0.437,541241.0,75353.9,-36.0,51462.0
156,Applied Materials,23063.0,0.341,5888.0,0.627,25825.0,116431.4,20.0,27000.0
157,Freeport-McMoRan,22845.0,0.609,4306.0,6.189,48022.0,72360.8,58.0,24700.0
158,Lithia Motors,22831.7,0.74,1060.0,1.254,11146.9,8909.8,73.0,21150.0
159,Blackstone,22577.1,2.7,5857.4,4.603,41196.4,88907.2,295.0,3795.0
160,Hartford Financial Services Group,22390.0,0.091,2365.0,0.362,76578.0,23815.6,-18.0,18100.0
161,Aflac,22106.0,-0.002,4325.0,-0.095,157542.0,41812.8,-30.0,12447.0
162,Whirlpool,21985.0,0.13,1783.0,0.649,20285.0,10101.2,-8.0,69000.0
163,Union Pacific,21804.0,0.1159999999999999,6523.0,0.2189999999999999,63525.0,171681.6,-10.0,32124.0
164,International Paper,21780.0,0.0579999999999999,1752.0,2.635,25243.0,17301.1,-23.0,38200.0
165,Altria Group,21111.0,0.013,2475.0,-0.446,39523.0,94951.7,-27.0,6000.0
166,CDW,20820.8,0.127,988.6,0.254,13199.4,24140.2,-5.0,13900.0
167,ManpowerGroup,20724.4,0.151,382.4,15.067,9828.9,5025.6,-2.0,30000.0
169,Carrier Global,20613.0,0.181,1664.0,-0.16,26172.0,39127.4,2.0,58000.0
171,Cleveland-Cliffs,20444.0,2.818,2988.0,,18975.0,16891.2,330.0,26000.0
172,United States Steel,20275.0,1.081,4174.0,,17816.0,9832.3,138.0,24540.0
173,Becton Dickinson,20248.0,0.183,2092.0,1.394,53866.0,75749.1,4.0,75000.0
174,CarMax,20092.1,-0.062,746.9,-0.159,21541.5,15598.9,-38.0,26889.0
175,Sherwin-Williams,19944.6,0.086,1864.4,-0.0819999999999999,20666.7,65037.9,-13.0,61626.0
176,Builders FirstSource,19893.9,1.324,1725.4,4.503,10714.3,11408.9,174.0,28000.0
177,Marsh & McLennan,19820.0,0.151,3143.0,0.5589999999999999,34388.0,85681.3,-2.0,83000.0
178,PNC Financial Services Group,19698.0,-0.181,5674.0,-0.245,557191.0,77203.4,-58.0,58547.0
179,Lumen Technologies,19687.0,-0.049,2033.0,,57993.0,11533.4,-40.0,36000.0
180,Avnet,19534.7,0.108,193.1,,8925.4,4016.9,-12.0,14500.0
181,Tenet Healthcare,19485.0,0.105,914.0,1.291,27579.0,9387.6,-14.0,88968.0
182,Kimberly-Clark,19440.0,0.016,1814.0,-0.2289999999999999,17837.0,41496.1,-24.0,45000.0
183,Kohl's,19433.0,0.218,938.0,,15054.0,7774.6,12.0,67000.0
184,BlackRock,19374.0,0.196,5901.0,0.196,152648.0,116186.2,8.0,18400.0
185,Jones Lang LaSalle,19367.0,0.1669999999999999,961.6,1.389,15505.0,11945.5,1.0,98200.0
186,Lear,19263.1,0.13,373.9,1.359,13352.4,8513.1,-7.0,160100.0
187,Lincoln National,19230.0,0.103,1405.0,1.816,387301.0,11271.6,-15.0,10848.0
188,Charles Schwab,18996.0,0.569,5855.0,0.775,667270.0,159675.9,63.0,33400.0
189,Ross Stores,18916.2,0.509,1722.6,19.175,13640.3,31741.7,53.0,100000.0
190,Mastercard,18884.0,0.2339999999999999,8687.0,0.355,37669.0,349330.5,11.0,24000.0
191,Genuine Parts,18870.5,0.085,898.8,,14352.1,17888.1,-18.0,52000.0
192,WestRock,18746.1,0.066,838.3,,29254.3,12379.0,-22.0,49900.0
193,EOG Resources,18642.0,0.69,4664.0,,38236.0,69796.0,92.0,2800.0
194,Cognizant Technology Solutions,18507.0,0.111,2137.0,0.535,17852.0,47035.0,-9.0,330600.0
195,Moderna,18471.0,21.991,12202.0,,24669.0,69424.3,-1.3963636363636365,2700.0
196,Steel Dynamics,18408.9,0.917,3214.1,4.835,12531.2,15811.5,123.0,10640.0
197,HF Sinclair,18389.1,0.644,558.3,,12916.6,8895.8,82.0,4208.0
198,Texas Instruments,18344.0,0.2689999999999999,7769.0,0.389,24676.0,169329.6,12.0,31000.0
199,Emerson Electric,18236.0,0.086,2303.0,0.172,24715.0,58241.7,-18.0,86700.0
200,WESCO International,18217.5,0.478,465.4,3.628,12617.7,6598.5,45.0,18000.0
201,General Mills,18127.0,0.0279999999999999,2339.8,0.073,31841.9,40781.8,-32.0,35000.0
202,Tenneco,18035.0,0.173,35.0,,11622.0,1523.0,-3.0,71000.0
203,Waste Management,17931.0,0.178,1816.0,0.214,29097.0,65802.8,-1.0,48500.0
205,DISH Network,17881.1,0.154,2410.6,0.368,48001.7,16743.1,-8.0,14500.0
206,L3Harris Technologies,17814.0,-0.021,1846.0,0.65,34709.0,47969.6,-43.0,47000.0
208,Block,17661.2,0.86,166.3,-0.22,13925.8,78655.9,115.0,8521.0
209,Goodyear Tire & Rubber,17478.0,0.419,764.0,,21402.0,4029.3,37.0,72000.0
211,Colgate-Palmolive,17421.0,0.0579999999999999,2166.0,-0.196,15040.0,63742.2,-23.0,33800.0
212,Stanley Black & Decker,17252.7,0.187,1689.2,0.369,28180.0,22843.3,-3.0,71300.0
213,DuPont,17160.0,-0.159,6467.0,,45707.0,37739.7,-69.0,28000.0
214,Stryker,17108.0,0.192,1994.0,0.247,34631.0,100978.1,-2.0,46000.0
215,NextEra Energy,17069.0,-0.052,3573.0,0.2239999999999999,140912.0,166264.1,-49.0,15000.0
216,Targa Resources,16949.8,1.052,71.2,,15208.2,17243.8,148.0,2430.0
217,Western Digital,16922.0,0.011,821.0,,26132.0,15536.4,-35.0,65600.0
218,PPG Industries,16802.0,0.215,1439.0,0.359,21351.0,30951.9,2.0,49300.0
219,American Electric Power,16792.0,0.126,2488.1,0.131,87668.7,50338.6,-15.0,16688.0
220,Gap,16670.0,0.208,256.0,,12761.0,5206.6,1.0,97000.0
221,BJ's Wholesale Club,16667.3,0.08,426.7,0.013,5668.9,9146.9,-23.0,34000.0
222,Reinsurance Group of America,16658.0,0.141,617.0,0.487,92175.0,7354.6,-15.0,3500.0
223,Kinder Morgan,16610.0,0.42,1784.0,13.992,70416.0,42878.1,39.0,10529.0
224,Oneok,16540.3,0.936,1499.7,1.4469999999999998,23621.6,31516.0,127.0,2847.0
225,Expeditors Intl. of Washington,16523.5,0.7240000000000001,1415.5,1.033,7609.9,17268.8,74.0,19070.0
226,Advanced Micro Devices,16434.0,0.6829999999999999,3162.0,0.27,12419.0,177936.1,83.0,15500.0
227,Fiserv,16226.0,0.093,1334.0,0.392,76249.0,66132.8,-22.0,44000.0
228,Estée Lauder,16215.0,0.134,2870.0,3.196,21971.0,97672.1,-15.0,53320.0
229,Bank of New York Mellon,16158.0,-0.046,3759.0,0.039,444438.0,40056.7,-49.0,49100.0
230,Laboratory Corp. of America,16120.9,0.153,2377.3,0.528,20385.4,24625.8,-12.0,71725.0
231,Regeneron Pharmaceuticals,16071.7,0.8909999999999999,8075.3,1.2990000000000002,25434.8,75806.0,123.0,10368.0
232,Land O'Lakes,15916.4,0.141,287.4,0.085,9560.0,,-13.0,9000.0
234,Southwest Airlines,15790.0,0.745,977.0,,36320.0,27129.3,102.0,55093.0
235,Adobe,15785.0,0.2269999999999999,4822.0,-0.083,27241.0,215280.5,-1.0,25988.0
236,Synchrony Financial,15752.0,-0.044,4221.0,2.048,95748.0,18145.5,-49.0,18000.0
237,Corteva,15655.0,0.1009999999999999,1759.0,1.5830000000000002,42344.0,41774.9,-23.0,21000.0
238,Fidelity National Financial,15643.0,0.451,2422.0,0.6970000000000001,60690.0,13849.6,50.0,28290.0
239,DTE Energy,15369.0,0.262,907.0,-0.337,39719.0,25614.6,11.0,10300.0
240,Murphy USA,15318.8,0.612,396.9,0.0279999999999999,4048.2,4888.6,82.0,10430.0
241,Halliburton,15295.0,0.059,1457.0,,22321.0,34028.9,-30.0,40000.0
242,Automatic Data Processing,15005.4,0.0279999999999999,2598.5,0.054,48772.5,95577.1,-34.0,56000.0
243,Edison International,14905.0,0.098,759.0,0.027,74745.0,26693.8,-17.0,13003.0
244,BorgWarner,14838.0,0.46,537.0,0.074,16575.0,9335.0,51.0,49300.0
245,Nordstrom,14789.0,0.38,178.0,,8869.0,4321.3,44.0,72000.0
246,Loews,14657.0,0.165,1578.0,,81626.0,15971.3,-7.0,10340.0
247,Guardian Life Ins. Co. of America,14647.8,0.08,288.8,11.285,90419.7,,-20.0,9150.0
248,Pioneer Natural Resources,14643.0,1.19,2118.0,,36811.0,60728.3,180.0,1932.0
249,AutoZone,14629.6,0.158,2170.3,0.252,14516.2,40582.6,-11.0,85050.0
250,Lam Research,14626.2,0.456,3908.5,0.736,15892.2,74996.7,54.0,14100.0
251,American Family Insurance Group,14611.9,0.118,734.5,0.8220000000000001,36316.4,,-19.0,13590.0
252,Illinois Tool Works,14455.0,0.15,2694.0,0.2769999999999999,16077.0,65311.9,-12.0,45000.0
253,Parker-Hannifin,14347.6,0.048,1746.1,0.447,20341.2,36456.8,-30.0,54640.0
254,Otis Worldwide,14298.0,0.121,1246.0,0.375,12279.0,32700.9,-18.0,70000.0
255,Omnicom Group,14289.4,0.085,1407.8,0.489,28421.8,17565.7,-26.0,71700.0
256,Principal Financial,14262.7,-0.032,1710.6,0.226,304657.2,19176.7,-50.0,18600.0
257,Dominion Energy,14218.0,-0.118,3288.0,,99590.0,68883.0,-64.0,17100.0
258,Kellogg,14181.0,0.03,1488.0,0.1889999999999999,18178.0,21890.2,-36.0,31000.0
260,AECOM,14112.4,-0.139,173.2,,11734.0,10856.5,-71.0,51000.0
261,Reliance Steel & Aluminum,14093.3,0.599,1413.0,2.8280000000000003,9536.0,11313.5,82.0,13950.0
262,Jacobs Engineering Group,14092.6,0.038,477.0,-0.03,14632.6,17807.4,-37.0,53500.0
263,Corning,14082.0,0.246,1906.0,2.7230000000000003,30154.0,31212.8,14.0,61200.0
265,Qurate Retail,14044.0,-0.009,340.0,-0.718,16249.0,1807.4,-49.0,26745.0
266,Pacific Life,13936.0,0.385,1102.0,,209486.0,,37.0,3861.0
267,PulteGroup,13926.9,0.262,1946.3,0.3829999999999999,13352.6,10115.7,17.0,6182.0
268,Fidelity National Information Services,13877.0,0.106,417.0,1.639,82931.0,61215.1,-27.0,65000.0
269,IQVIA Holdings,13874.0,0.221,966.0,2.462,24689.0,44140.8,6.0,79000.0
270,Marriott International,13857.0,0.311,1099.0,,25553.0,57514.9,23.0,120000.0
271,Berry Global Group,13850.0,0.183,733.0,0.311,17882.0,7832.4,-10.0,47000.0
272,Ball,13811.0,0.172,878.0,0.501,19714.0,28909.1,-12.0,24300.0
273,Group 1 Automotive,13801.7,0.272,552.1,0.927,5749.4,2859.9,13.0,13711.0
274,Leidos Holdings,13737.0,0.1169999999999999,753.0,0.1989999999999999,13261.0,14727.7,-26.0,43000.0
276,Consolidated Edison,13676.0,0.1169999999999999,1346.0,0.223,63116.0,33525.3,-27.0,13871.0
277,Ameriprise Financial,13443.0,0.124,2760.0,0.799,175979.0,33213.0,-24.0,12000.0
278,Xcel Energy,13431.0,0.165,1597.0,0.084,57851.0,39275.9,-6.0,11321.0
279,O'Reilly Automotive,13327.6,0.148,2164.7,0.235,11718.7,45410.4,-11.0,76158.0
280,Global Partners,13248.3,0.5920000000000001,60.8,-0.405,2831.2,927.1,81.0,2960.0
281,Discover Financial Services,13221.0,0.021,5449.0,3.776,110242.0,31076.7,-48.0,16700.0
282,Rocket Companies,13175.6,-0.176,308.2,0.557,32774.9,21905.9,-88.0,26000.0
283,LKQ,13088.5,0.126,1090.9,0.7090000000000001,12606.2,12941.4,-17.0,46000.0
284,W.W. Grainger,13022.0,0.104,1043.0,0.501,6592.0,26358.0,-26.0,23450.0
285,Quanta Services,12980.2,0.159,486.0,0.091,12855.2,18779.5,-7.0,43700.0
287,Fox,12909.0,0.049,2150.0,1.152,22926.0,21423.2,-40.0,9000.0
288,Sempra,12857.0,0.077,1317.0,-0.665,72045.0,53087.6,-33.0,15390.0
289,Markel,12846.4,0.32,2425.0,1.972,48448.9,20037.5,22.0,20300.0
291,XPO Logistics,12806.0,-0.212,336.0,2.055,8707.0,8356.9,-101.0,44700.0
292,Baxter International,12784.0,0.095,1284.0,0.165,33521.0,39017.9,-28.0,60000.0
293,Ecolab,12733.1,-0.001,1129.9,,21206.4,50548.4,-56.0,47000.0
294,Tractor Supply,12731.1,0.1989999999999999,997.1,0.331,7767.5,26171.6,-3.0,34000.0
295,Andersons,12728.8,0.551,104.0,12.487,4569.2,1708.2,71.0,2334.0
296,Keurig Dr Pepper,12683.0,0.092,2146.0,0.62,50598.0,53748.2,-29.0,27500.0
297,Universal Health Services,12642.1,0.094,991.6,0.05,13093.5,10843.1,-27.0,78850.0
298,CSX,12522.0,0.183,3781.0,0.367,40531.0,81587.8,-6.0,20919.0
299,Henry Schein,12401.0,0.226,631.2,0.563,8481.1,11960.1,-1.0,21600.0
300,Sonic Automotive,12396.4,0.2689999999999999,348.9,,4975.1,1728.8,8.0,10200.0
301,eBay,12394.0,0.092,13608.0,1.401,26626.0,33641.9,-25.0,10800.0
302,Textron,12382.0,0.063,746.0,1.414,15827.0,16090.6,-37.0,33000.0
303,Jones Financial (Edward Jones),12373.0,0.217,1605.0,0.249,32208.0,,-8.0,50000.0
304,Community Health Systems,12368.0,0.049,230.0,-0.55,15217.0,1598.6,-45.0,58500.0
305,Mosaic,12357.4,0.423,1630.6,1.4480000000000002,22036.4,24492.6,41.0,12525.0
306,Thor Industries,12317.4,0.508,659.9,1.959,6654.1,4330.9,62.0,31000.0
307,Dick's Sporting Goods,12293.4,0.283,1519.9,1.866,9041.7,7986.6,13.0,34300.0
308,Newmont,12222.0,0.063,1166.0,-0.588,40564.0,62968.1,-35.0,14400.0
309,Devon Energy,12206.0,1.398,2813.0,,21025.0,39274.1,211.0,1600.0
310,Warner Bros. Discovery,12191.0,0.142,1006.0,-0.175,34427.0,12700.5,-20.0,11000.0
311,J.B. Hunt Transport Services,12168.3,0.263,760.8,0.503,6794.3,21052.9,4.0,33045.0
312,Alcoa,12152.0,0.309,429.0,,15025.0,16603.4,18.0,12200.0
313,Peter Kiewit Sons',12149.0,-0.025,753.0,-0.088,6238.0,,-70.0,28800.0
316,State Street,12030.0,-0.004,2693.0,0.113,314624.0,31891.8,-64.0,38784.0
317,Unum Group,12013.8,-0.087,824.2,0.039,70115.6,6382.8,-87.0,10200.0
318,Alleghany,12004.1,0.349,1034.9,9.171,32268.7,11396.1,21.0,13313.0
319,Boston Scientific,11888.0,0.1989999999999999,1041.0,,32229.0,63310.2,-14.0,41000.0
320,Westlake,11778.0,0.57,2015.0,5.106,18459.0,15785.4,68.0,14550.0
321,Entergy,11742.9,0.161,1118.5,-0.1939999999999999,59454.2,23760.4,-21.0,12369.0
322,International Flavors & Fragrances,11656.0,1.293,270.0,-0.257,39658.0,33455.6,200.0,24000.0
323,DaVita,11618.8,0.006,978.5,0.265,17121.5,10892.5,-52.0,69000.0
324,Mutual of Omaha Insurance,11459.3,0.033,579.0,-0.171,49852.7,,-42.0,5739.0
325,Assurant,11410.0,0.13,1372.4,2.106,33911.5,10493.1,-23.0,15600.0
326,Liberty Media,11400.0,0.218,398.0,,44351.0,15239.1,-1.3963636363636365,6886.0
327,Hormel Foods,11386.2,0.185,908.8,0.001,12696.3,28089.2,-10.0,20000.0
329,Republic Services,11295.0,0.1119999999999999,1290.4,0.3339999999999999,24955.0,41841.7,-32.0,35000.0
330,Mohawk Industries,11200.6,0.173,1033.2,1.004,14224.5,8081.8,-9.0,43000.0
331,Conagra Brands,11184.7,0.012,1298.8,0.546,22195.6,16103.5,-48.0,18600.0
332,Norfolk Southern,11142.0,0.138,3005.0,0.493,38493.0,68389.3,-25.0,18100.0
334,AGCO,11138.3,0.217,897.0,1.1,9182.1,10885.3,-3.0,23300.0
337,Advance Auto Parts,10998.0,0.088,616.1,0.25,12194.2,12644.8,-36.0,54500.0
338,Biogen,10981.7,-0.183,1556.1,-0.611,23877.3,30950.4,-110.0,9610.0
339,Auto-Owners Insurance,10980.2,0.24,1318.4,0.59,32487.1,,2.0,6441.0
340,Booking Holdings,10958.0,0.612,1165.0,18.746,23641.0,96022.7,84.0,20199.0
341,Amphenol,10876.3,0.265,1590.8,0.322,14678.4,45130.1,8.0,90000.0
342,Quest Diagnostics,10788.0,0.143,1995.0,0.3939999999999999,13611.0,16348.6,-18.0,44500.0
343,FirstEnergy,10758.0,0.031,1283.0,0.1889999999999999,45432.0,26181.6,-49.0,12395.0
344,DCP Midstream,10707.0,0.6990000000000001,391.0,,13380.0,6993.2,98.0,1788.0
345,Ally Financial,10690.0,-0.008,3060.0,1.82,182114.0,14411.6,-58.0,10500.0
347,Williams,10627.0,0.377,1517.0,6.19,47612.0,40670.4,32.0,4783.0
348,Newell Brands,10589.0,0.128,572.0,,14179.0,8902.4,-23.0,32000.0
349,Eastman Chemical,10476.0,0.236,857.0,0.7929999999999999,15519.0,14450.1,6.0,14000.0
350,Air Products & Chemicals,10323.0,0.166,2099.1,0.113,26859.2,55409.4,-10.0,20750.0
351,Thrivent Financial for Lutherans,10312.7,0.265,2530.2,2.972,116524.8,,18.0,3256.0
352,Molson Coors Beverage,10279.7,0.065,1005.7,,27619.0,11631.8,-38.0,16300.0
353,Interpublic Group,10240.7,0.13,952.8,1.714,19909.2,13965.9,-19.0,55600.0
354,Weyerhaeuser,10201.0,0.354,2607.0,2.271,17652.0,28315.0,33.0,9214.0
355,Altice USA,10090.8,0.02,990.3,1.27,33215.0,5674.1,-49.0,9000.0
356,Raymond James Financial,9910.0,0.213,1403.0,0.715,61891.0,22817.5,11.0,15000.0
357,EMCOR Group,9903.6,0.126,383.5,1.885,5441.4,5931.8,-13.0,34000.0
358,Eversource Energy,9863.1,0.108,1220.5,0.013,48492.1,30403.2,-20.0,9227.0
359,Yum China Holdings,9853.0,0.192,990.0,0.263,13223.0,17679.0,4.0,298500.0
360,Asbury Automotive Group,9837.7,0.379,532.4,1.093,8002.6,3714.8,45.0,14200.0
361,Owens & Minor,9785.3,0.124,221.6,6.417999999999999,3536.6,3375.6,-16.0,17300.0
363,United Rentals,9716.0,0.139,1386.0,0.557,20292.0,25643.3,-11.0,20400.0
364,MGM Resorts International,9680.1,0.875,1254.4,,40899.1,18257.9,153.0,60500.0
365,Ryder System,9663.0,0.148,519.0,,13834.3,4055.4,-8.0,42800.0
366,Intuit,9633.0,0.254,2062.0,0.129,15516.0,135987.6,14.0,17350.0
367,Cincinnati Financial,9629.7,0.278,2945.6,1.422,31386.7,21813.3,19.0,5166.0
368,Erie Insurance Group,9619.7,0.11,1130.1,-0.037,27297.3,,-21.0,5805.0
369,Univar Solutions,9535.5,0.154,460.6,7.707000000000001,6777.8,5459.8,-7.0,9450.0
370,Huntington Ingalls Industries,9524.0,0.017,544.0,-0.218,10627.0,7991.0,-43.0,44000.0
371,W.R. Berkley,9455.5,0.1669999999999999,1022.5,0.927,32086.4,17658.8,1.0,7681.0
372,Western & Southern Financial Group,9441.7,0.172,361.2,0.767,62876.7,,2.0,2538.0
373,Insight Enterprises,9436.1,0.131,219.3,0.271,4689.1,3745.1,-13.0,11624.0
374,News Corp.,9358.0,0.039,330.0,,16771.0,13127.7,-37.0,24000.0
375,American Tower,9356.9,0.1639999999999999,2567.7,0.519,69887.9,114527.4,-1.3963636363636365,6378.0
376,Old Republic International,9341.6,0.304,1534.3,1.747,24981.8,7972.8,25.0,9600.0
377,Burlington Stores,9322.3,0.617,408.8,,7089.5,12112.8,94.0,38599.0
378,Avis Budget Group,9313.0,0.7240000000000001,1285.0,,22600.0,14157.0,120.0,18500.0
380,VF,9238.8,-0.21,407.9,-0.4,13754.0,22112.9,-117.0,33600.0
382,Seaboard,9229.0,0.295,570.0,1.014,7503.0,4881.6,24.0,13200.0
383,First American Financial,9221.0,0.301,1241.0,0.782,16451.0,7087.2,26.0,22233.0
384,Intercontinental Exchange,9168.0,0.1119999999999999,4058.0,0.943,193502.0,74044.8,-19.0,8858.0
385,PVH,9154.7,0.284,952.3,,12396.8,5210.0,19.0,25000.0
386,Apollo Global Management,9124.0,3.322,1838.5,10.739,30501.9,37194.0,552.0,2153.0
387,Jefferies Financial Group,9039.9,0.3,1674.4,1.16,60404.1,7933.9,32.0,5556.0
388,Hershey,8971.3,0.1009999999999999,1477.5,0.155,10412.2,44461.5,-18.0,17805.0
389,NVR,8970.1,0.186,1236.7,0.372,5834.5,15010.5,-6.0,6600.0
390,Foot Locker,8958.0,0.187,893.0,1.765,8135.0,2850.0,-5.0,33244.0
391,Dana,8945.0,0.259,197.0,,7632.0,2544.4,17.0,40200.0
392,SpartanNash,8931.0,-0.045,73.8,-0.0279999999999999,2206.8,1185.1,-63.0,13300.0
393,Olin,8910.6,0.5479999999999999,1296.7,,8517.7,8062.0,79.0,7750.0
395,Jackson Financial,8848.0,,3183.0,,375484.0,3895.1,-1.3963636363636365,3150.0
396,Activision Blizzard,8803.0,0.089,2699.0,0.228,25056.0,62559.7,-23.0,9800.0
397,Toll Brothers,8790.4,0.242,833.6,0.867,11537.9,5515.4,14.0,5100.0
398,Carlyle Group,8782.1,1.993,2974.7,7.542999999999999,21250.4,17427.5,360.0,1850.0
399,Graybar Electric,8767.3,0.207,262.4,1.154,3069.0,,-1.3963636363636365,8800.0
400,Ovintiv,8658.0,0.422,1416.0,,14055.0,13987.5,58.0,1713.0
401,UFP Industries,8636.1,0.6759999999999999,535.6,1.171,3245.3,4790.5,117.0,15000.0
402,Ulta Beauty,8630.9,0.4029999999999999,985.8,4.607,4764.4,20837.8,49.0,28500.0
403,Constellation Brands,8614.9,0.033,1998.0,,27104.8,43763.5,-44.0,9300.0
404,Expedia Group,8598.0,0.654,12.0,,21548.0,30476.5,111.0,14800.0
406,Celanese,8537.0,0.51,1890.0,-0.048,11975.0,15434.1,71.0,8529.0
407,Global Payments,8523.8,0.148,965.5,0.652,45279.7,38545.6,-13.0,25000.0
408,Owens Corning,8498.0,0.205,995.0,,10015.0,9064.7,5.0,20000.0
409,Campbell Soup,8476.0,-0.063,1002.0,-0.385,11734.0,13446.9,-74.0,14100.0
410,Huntsman,8453.0,0.4029999999999999,1045.0,0.011,9392.0,8046.9,50.0,9000.0
411,Franklin Resources,8425.5,0.514,1831.2,1.2919999999999998,24168.4,14019.3,73.0,10300.0
412,Avery Dennison,8408.3,0.206,740.1,0.331,7971.6,14327.4,5.0,36000.0
413,Masco,8375.0,0.149,410.0,-0.665,5575.0,12062.7,-15.0,20000.0
414,CenterPoint Energy,8352.0,-0.055,1486.0,,37679.0,19285.8,-72.0,9418.0
415,Fifth Third Bancorp,8329.0,-0.009,2770.0,0.941,211116.0,29511.3,-57.0,19112.0
416,WEC Energy Group,8316.0,0.148,1300.3,0.084,38988.5,31483.5,-16.0,6938.0
417,S&P Global,8297.0,0.115,3024.0,0.293,15026.0,142343.5,-24.0,22850.0
418,FM Global,8274.6,0.217,2842.4,0.6409999999999999,32160.5,,5.0,5560.0
419,Polaris,8252.0,0.161,493.9,2.958,5047.8,6264.1,-12.0,16000.0
420,Williams-Sonoma,8245.9,0.216,1126.3,0.655,4625.6,10376.0,5.0,16600.0
421,Autoliv,8230.0,0.105,435.0,1.327,7537.0,6691.1,-29.0,58176.0
422,Arthur J. Gallagher,8209.4,0.172,906.8,0.107,33345.0,36598.6,-6.0,39000.0
423,Motorola Solutions,8171.0,0.102,1245.0,0.312,12189.0,40555.9,-28.0,18700.0
426,J.M. Smucker,8002.7,0.026,876.3,0.124,16284.2,14686.4,-48.0,7100.0
427,Anywhere Real Estate,7983.0,0.283,343.0,,7210.0,1852.1,18.0,9748.0
428,Oshkosh,7952.5,0.16,409.4,0.262,6721.8,6703.7,-6.0,15000.0
429,MasTec,7951.8,0.258,328.8,0.019,7121.4,6657.0,12.0,27000.0
430,GXO Logistics,7940.0,,153.0,,7271.0,8193.0,-1.3963636363636365,97500.0
431,APA,7928.0,0.84,973.0,,13303.0,14332.3,164.0,2253.0
432,Boise Cascade,7926.1,0.4479999999999999,712.5,3.072,2572.6,2740.4,61.0,6130.0
433,Dover,7907.1,0.183,1123.8,0.644,10403.6,22610.3,-4.0,25000.0
434,Genworth Financial,7882.0,-0.09,904.0,4.079,99171.0,1917.9,-86.0,2500.0
435,Bath & Body Works,7881.5,-0.335,1333.5,0.579,6026.0,11419.9,-178.0,32850.0
436,Booz Allen Hamilton Holding,7858.9,0.053,609.0,0.262,5499.6,11705.4,-45.0,27700.0
437,Coinbase Global,7839.4,5.1370000000000005,3624.1,10.244000000000002,21274.4,41670.4,-1.3963636363636365,3730.0
438,Zimmer Biomet Holdings,7836.2,0.1159999999999999,401.6,,23456.4,26772.3,-24.0,19500.0
439,Westinghouse Air Brake Technologies,7822.0,0.035,558.0,0.347,18454.0,17819.4,-55.0,25000.0
440,Zoetis,7776.0,0.165,2037.0,0.244,13900.0,89008.9,-9.0,12100.0
441,Packaging Corp. of America,7730.3,0.161,841.1,0.825,7836.8,14628.1,-8.0,15200.0
442,LPL Financial Holdings,7720.8,0.315,459.9,-0.027,7991.6,14608.8,24.0,5919.0
443,T. Rowe Price,7671.9,0.236,3082.9,0.299,12509.0,34442.6,4.0,7529.0
444,Fortune Brands Home & Security,7656.1,0.257,772.4,0.396,7936.2,9830.7,12.0,28056.0
445,Casey's General Stores,7654.2,-0.0559999999999999,312.9,0.186,4460.3,7354.4,-74.0,27583.0
446,A-Mark Precious Metals,7613.0,0.3939999999999999,159.6,4.232,1191.6,890.5,49.0,347.0
447,Hess,7583.0,0.578,559.0,,20515.0,33155.2,96.0,1545.0
448,Vertex Pharmaceuticals,7574.4,0.221,2342.1,-0.136,13432.5,66436.9,-1.3963636363636365,3900.0
449,KeyCorp,7561.0,0.031,2625.0,0.955,186346.0,20592.5,-53.0,16974.0
450,Chipotle Mexican Grill,7547.1,0.261,653.0,0.835,6653.0,44347.4,14.0,97660.0
451,CMS Energy,7538.0,0.128,1353.0,0.792,28753.0,20292.2,-21.0,8813.0
453,Taylor Morrison Home,7501.3,0.2239999999999999,663.0,1.724,8727.8,3301.6,-1.0,3000.0
454,American Financial Group,7462.0,-0.057,1995.0,1.725,28931.0,12367.8,-78.0,6600.0
455,UGI,7447.0,0.135,1467.0,1.758,16723.0,7599.1,-19.0,11300.0
456,Science Applications International,7394.0,0.048,277.0,0.325,5746.0,5166.1,-44.0,25090.0
457,Avantor,7386.1,0.155,572.6,3.911,13897.2,20629.1,-19.0,13500.0
458,Hanesbrands,7347.8,0.103,77.2,,7071.4,5191.4,-26.0,58000.0
459,Clorox,7341.0,0.092,710.0,-0.244,6334.0,17108.7,-32.0,9000.0
460,KBR,7339.0,0.273,18.0,,6199.0,7634.9,10.0,28000.0
461,TravelCenters of America,7336.8,0.514,58.5,,3508.5,637.5,79.0,16540.0
462,Hertz Global Holdings,7336.0,0.395,366.0,,19783.0,9508.9,46.0,23000.0
463,Analog Devices,7318.3,0.306,1390.4,0.139,52322.1,86441.2,18.0,24700.0
464,Securian Financial Group,7317.4,0.065,311.5,0.281,75169.4,,-43.0,6941.0
465,Darden Restaurants,7196.1,-0.078,629.3,,10656.1,16980.9,-88.0,156883.0
466,Graphic Packaging Holding,7156.0,0.091,204.0,0.2189999999999999,10457.0,6154.4,-31.0,25000.0
466,NCR,7156.0,0.153,97.0,,11641.0,5474.7,-20.0,38000.0
470,Cintas,7116.3,0.004,1111.0,0.268,8236.8,43566.7,-60.0,40000.0
472,Rockwell Automation,6997.4,0.105,1358.1,0.327,10701.6,32538.4,-32.0,24500.0
473,Citizens Financial Group,6986.0,-0.09,2319.0,1.194,188409.0,19135.7,-92.0,17463.0
474,KLA,6918.7,0.192,2078.3,0.708,10271.1,55170.9,-6.0,11425.0
475,Camping World Holdings,6913.8,0.2689999999999999,278.5,1.276,4372.9,2664.6,21.0,12834.0
476,Ingredion,6894.0,0.151,117.0,-0.664,6999.0,5814.2,-13.0,12000.0
477,Veritiv,6850.5,0.08,144.6,3.228,2438.4,2008.0,-38.0,6100.0
478,Beacon Roofing Supply,6820.4,-0.018,243.0,,5549.3,4175.9,-58.0,6676.0
479,Diamondback Energy,6797.0,1.416,2182.0,,22898.0,24320.0,302.0,870.0
480,Victoria's Secret,6784.6,,646.4,,4344.0,4330.4,-1.3963636363636365,24000.0
481,Academy Sports and Outdoors,6773.1,0.191,671.4,1.1740000000000002,4584.9,3433.5,-6.0,16508.0
482,Sanmina,6756.6,-0.0289999999999999,269.0,0.925,4206.7,2569.0,-64.0,33500.0
483,ON Semiconductor,6739.8,0.283,1009.6,3.3110000000000004,9626.0,27078.7,26.0,31650.0
484,Commercial Metals,6729.8,0.2289999999999999,412.9,0.477,4638.7,5056.7,8.0,11089.0
485,EnLink Midstream,6685.9,0.7170000000000001,22.4,,8483.2,4670.6,145.0,1073.0
487,Equinix,6635.5,0.106,500.2,0.353,27918.7,67280.5,-26.0,10944.0
488,Dillard's,6624.3,0.494,862.5,,3245.6,4928.2,97.0,25350.0
489,Regions Financial,6605.0,-0.008,2521.0,1.304,162938.0,20860.9,-55.0,19626.0
490,Yum Brands,6584.0,0.165,1575.0,0.742,5966.0,34252.9,-12.0,25650.0
491,Landstar System,6540.4,0.581,381.5,0.986,2045.5,5600.0,115.0,1399.0
492,CF Industries Holdings,6538.3,0.585,917.1,1.893,12375.2,21551.3,117.0,3003.0
493,Northern Trust,6488.3,0.03,1545.3,0.278,183889.8,24215.1,-50.0,21100.0
494,Robert Half International,6461.4,0.265,598.6,0.955,2952.4,12638.1,25.0,14600.0
496,Hasbro,6420.4,0.175,428.7,0.927,10037.8,11383.6,-2.0,6640.0
497,Roper Technologies,6415.8,0.161,1152.6,0.214,23713.9,49868.8,-9.0,19300.0
498,ARKO,6412.6,0.8809999999999999,59.2,3.489,2942.3,1133.9,183.0,11236.0
500,Ameren,6394.0,0.104,990.0,0.1369999999999999,35735.0,24198.7,-31.0,9116.0
501,O-I Glass,6357.0,0.044,149.0,-0.402,8832.0,2058.0,-46.0,24000.0
502,Chemours,6345.0,0.2769999999999999,608.0,1.776,7550.0,5015.0,25.0,6400.0
503,Crown Castle International,6340.0,0.086,1096.0,0.038,39040.0,79937.3,-36.0,5000.0
504,Agilent Technologies,6319.0,0.184,1210.0,0.6829999999999999,10705.0,39714.0,-2.0,17000.0
505,McCormick,6317.9,0.128,755.3,0.011,12905.8,26754.0,-23.0,14000.0
506,Skechers U.S.A.,6310.2,0.368,741.5,6.523,6491.3,6360.4,52.0,8950.0
507,Watsco,6280.2,0.242,418.9,0.5539999999999999,3085.9,11842.6,17.0,6875.0
509,Lululemon athletica,6256.6,0.421,975.3,0.6559999999999999,4942.5,46717.8,78.0,29000.0
510,ABM Industries,6228.6,0.04,126.3,420.0,4436.2,3078.7,-48.0,124000.0
511,Post Holdings,6226.7,0.093,166.7,207.375,12414.7,4284.4,-37.0,10735.0
512,Moody's,6218.0,0.158,2214.0,0.245,14680.0,62548.1,-12.0,13460.0
513,Select Medical Holdings,6204.5,0.122,402.2,0.5529999999999999,7360.2,3208.6,-26.0,43200.0
514,Alaska Air Group,6176.0,0.732,478.0,,13951.0,7314.3,147.0,21691.0
515,Big Lots,6150.6,-0.008,177.8,-0.7170000000000001,3927.3,988.1,-66.0,23350.0
516,Amkor Technology,6138.3,0.215,643.0,0.902,6038.6,5313.0,9.0,30400.0
518,RPM International,6106.3,0.109,502.6,0.6509999999999999,6253.0,10560.8,-29.0,15490.0
519,M&T Bank,6105.8,-0.0279999999999999,1858.7,0.374,155107.2,21875.0,-75.0,17342.0
520,Sprouts Farmers Market,6099.9,-0.057,244.2,-0.151,2923.1,3546.8,-83.0,31000.0
521,Huntington Bancshares,6080.0,0.161,1295.0,0.585,174064.0,21123.4,-11.0,18442.0
522,CACI International,6044.1,0.057,457.4,0.423,6172.4,7051.2,-49.0,22000.0
524,SVB Financial Group,6027.0,0.477,1833.0,0.517,211478.0,32901.0,89.0,6567.0
525,Fastenal,6010.9,0.064,925.0,0.077,4299.0,34187.9,-46.0,18370.0
527,Knight-Swift Transportation Holdings,5998.0,0.283,743.4,0.813,10655.5,8386.0,24.0,27650.0
529,Patterson,5912.1,0.077,156.0,,2751.5,3160.0,-38.0,7800.0
530,Penn National Gaming,5905.0,0.65,420.8,,16872.1,7140.2,129.0,21973.0
531,ServiceNow,5896.0,0.305,230.0,0.941,10798.0,111378.0,39.0,16881.0
532,Nasdaq,5886.0,0.046,1187.0,0.272,20115.0,29298.2,-52.0,5814.0
533,Brunswick,5846.2,0.345,593.3,0.5920000000000001,5425.0,6197.3,59.0,18582.0
534,Resideo Technologies,5846.0,0.153,242.0,5.541,5853.0,3455.8,-11.0,13300.0
536,Petco Health and Wellness,5807.1,0.18,164.4,,6497.9,5930.2,-5.0,28495.0
538,Hilton Worldwide Holdings,5788.0,0.344,410.0,,15441.0,42356.6,58.0,142000.0
539,Cerner,5764.8,0.047,555.6,-0.288,7434.2,27492.2,-49.0,25150.0
540,Levi Strauss,5763.9,0.295,553.5,,5900.1,7874.7,40.0,16600.0
541,Tapestry,5746.3,0.158,834.2,,8382.4,9807.2,-13.0,14250.0
542,NetApp,5744.0,0.061,730.0,-0.109,9360.0,18470.5,-45.0,11000.0
543,KB Home,5724.9,0.369,564.7,0.906,5835.9,2858.1,60.0,2244.0
544,Continental Resources,5719.3,1.211,1661.0,,18591.1,22342.4,274.0,1254.0
545,Intuitive Surgical,5710.1,0.31,1704.6,0.607,13555.0,108361.9,46.0,9793.0
546,Under Armour,5683.5,0.27,360.1,,4991.4,7712.4,32.0,12300.0
547,MDU Resources Group,5680.7,0.027,378.1,-0.031,8910.4,5419.3,-61.0,12826.0
548,Silgan Holdings,5677.1,0.153,359.1,0.163,7770.8,5104.3,-18.0,15720.0
549,Ryerson Holding,5675.3,0.637,294.3,,2365.6,1344.6,127.0,4000.0
550,Ingersoll Rand,5655.2,0.152,562.5,,15154.5,20541.2,-17.0,16000.0
551,Hologic,5632.3,0.491,1871.5,0.6779999999999999,8919.9,19305.1,90.0,6705.0
552,Electronic Arts,5629.0,0.017,837.0,-0.725,13288.0,35577.4,-67.0,11000.0
553,Zebra Technologies,5627.0,0.265,837.0,0.6609999999999999,6215.0,21959.1,28.0,9800.0
555,Schneider National,5608.7,0.2319999999999999,405.4,0.915,3937.3,4551.6,10.0,17050.0
557,Concentrix,5587.0,,405.6,,5046.4,8605.2,-1.3963636363636365,290000.0
558,Evergy,5586.7,0.1369999999999999,879.7,0.423,28520.5,15512.7,-26.0,4930.0
559,Cornerstone Building Brands,5583.1,0.209,665.9,,5827.5,3088.7,-2.0,21700.0
560,Coca-Cola Consolidated,5562.7,0.111,189.6,0.099,3445.6,4657.3,-34.0,15050.0
561,Greif,5556.1,0.231,390.7,2.591,5815.8,3134.0,11.0,16000.0
562,Vulcan Materials,5552.2,0.143,670.8,0.148,13682.6,24412.7,-23.0,11912.0
563,Ametek,5546.5,0.222,990.1,0.135,11898.2,30787.3,3.0,18500.0
564,Monster Beverage,5541.4,0.205,1377.5,-0.023,7804.8,42295.8,-2.0,3775.0
565,Sealed Air,5533.8,0.129,506.8,0.008,6229.3,9920.7,-31.0,16500.0
568,Martin Marietta Materials,5493.2,0.161,702.5,-0.026,14393.0,24015.1,-22.0,10000.0
569,Marathon Oil,5467.0,0.772,946.0,,16994.0,18349.5,164.0,1531.0
570,Mattel,5457.7,0.191,903.0,6.131,6393.9,7823.3,-7.0,36300.0
571,Microchip Technology,5438.4,0.031,349.4,-0.3879999999999999,16478.8,41777.1,-66.0,19500.0
572,Harley-Davidson,5336.3,0.316,650.0,499.789,11051.1,6062.9,42.0,5800.0
573,Telephone & Data Systems,5329.0,0.02,156.0,-0.31,13493.0,2163.4,-61.0,8800.0
575,First Republic Bank,5305.0,0.177,1478.0,0.389,181087.0,29113.6,-1.0,6295.0
576,Warner Music Group,5301.0,0.188,304.0,,7211.0,19485.7,3.0,5900.0
577,Pool,5295.6,0.345,650.6,0.774,3230.1,16967.1,47.0,5650.0
578,Old Dominion Freight Line,5256.3,0.309,1034.4,0.5379999999999999,4821.5,34307.5,41.0,23663.0
579,Fortive,5254.7,0.134,608.4,-0.623,16465.5,21877.9,-23.0,18000.0
580,MDC Holdings,5254.7,0.347,573.7,0.561,4963.5,2692.7,49.0,2080.0
582,Edwards Lifesciences,5232.5,0.193,1503.1,0.825,8502.6,73141.4,7.0,15700.0
583,Hanover Insurance Group,5227.8,0.083,418.7,0.1669999999999999,14254.3,5317.9,-41.0,4400.0
584,Syneos Health,5213.0,0.181,234.8,0.218,8237.1,8436.7,2.0,27443.0
585,Xylem,5195.0,0.065,427.0,0.6809999999999999,8276.0,15354.7,-47.0,16700.0
586,Church & Dwight,5190.1,0.06,827.5,0.053,7996.5,24119.1,-51.0,5100.0
587,American Axle & Manufacturing,5156.6,0.095,5.9,,5635.7,888.3,-40.0,18000.0
588,Meritage Homes,5141.3,0.142,737.4,0.741,4807.5,2907.3,-11.0,1773.0
589,Workday,5138.8,0.19,29.4,,10498.5,60583.4,5.0,15200.0
590,Rush Enterprises,5126.1,0.0819999999999999,241.4,1.101,3120.0,2788.5,-45.0,7141.0
592,Encompass Health,5121.6,0.103,412.2,0.45,6864.9,7071.1,-38.0,35681.0
593,Simon Property Group,5116.8,0.111,2249.6,1.022,33777.4,43197.8,-33.0,2850.0
594,Globe Life,5112.9,0.079,745.0,0.018,29768.0,9977.3,-50.0,3222.0
595,Skyworks Solutions,5109.1,0.523,1498.3,0.8390000000000001,8590.7,21547.5,95.0,10945.0
598,Leggett & Platt,5072.6,0.185,402.4,0.625,5307.3,4659.0,-1.3963636363636365,20300.0
599,Western Union,5070.8,0.049,805.8,0.083,8823.5,7374.7,-58.0,10500.0
600,PerkinElmer,5067.2,0.34,943.2,0.296,15000.6,22009.4,39.0,16700.0
601,SS&C Technologies Holdings,5051.0,0.0819999999999999,800.0,0.28,17333.0,19235.1,-49.0,24900.0
602,CUNA Mutual Group,5049.5,0.247,622.3,3.277,44345.0,,13.0,4100.0
603,FMC,5045.2,0.087,736.5,0.335,10581.3,16563.8,-48.0,6400.0
604,Carlisle,5030.0,0.185,421.7,0.317,7246.8,12804.5,-5.0,11250.0
605,American Eagle Outfitters,5010.8,0.3329999999999999,419.6,,3786.6,2836.6,37.0,24000.0
606,Core & Main,5004.0,0.374,166.0,3.486,4434.0,5948.8,-1.3963636363636365,4100.0
607,Vertiv Holdings,4998.1,0.144,119.6,,6939.6,5263.9,-17.0,24000.0
608,Broadridge Financial Solutions,4993.7,0.103,547.5,0.184,8119.8,18182.7,-40.0,13704.0
609,Ingles Markets,4987.9,0.0819999999999999,249.7,0.3979999999999999,2018.3,1691.4,-50.0,18460.0
610,TPG,4976.4,1.3530000000000002,2180.9,1.981,8962.0,9304.9,-1.3963636363636365,1013.0
611,Insperity,4973.1,0.16,124.1,-0.102,1753.1,3849.8,-14.0,3600.0
612,Howmet Aerospace,4972.0,-0.055,258.0,-0.011,10219.0,15055.4,-105.0,19900.0
613,R.R. Donnelley & Sons,4963.7,-0.081,3.7,-0.962,3131.4,,-114.0,32000.0
614,Keysight Technologies,4941.0,0.171,894.0,0.426,7781.0,28746.6,-13.0,14300.0
615,Tempur Sealy International,4930.8,0.341,624.5,0.79,4323.4,4997.7,37.0,12000.0
616,Scotts Miracle-Gro,4925.0,0.192,512.5,0.3229999999999999,4800.0,6834.6,-9.0,8050.0
617,Equifax,4923.9,0.193,744.2,0.431,11040.9,29141.8,-9.0,12700.0
618,Kelly Services,4909.7,0.087,156.1,,2894.2,856.0,-47.0,7400.0
619,NiSource,4899.6,0.047,584.9,,24156.9,12891.2,-70.0,7307.0
620,OneMain Holdings,4895.0,,1314.0,0.8,22079.0,6042.8,-84.0,8800.0
622,Avient,4818.8,0.486,230.8,0.754,4997.2,4388.4,80.0,8700.0
623,Sanderson Farms,4799.7,0.347,455.1,15.095999999999998,2345.0,4185.4,39.0,17662.0
624,TransDigm Group,4798.0,-0.074,680.0,-0.027,19315.0,36135.8,-108.0,13300.0
625,Stifel Financial,4783.1,0.253,824.9,0.638,34049.7,7226.0,8.0,8600.0
626,JELD-WEN Holding,4771.7,0.127,168.8,0.843,3738.7,1826.0,-26.0,24700.0
627,Ares Management,4770.6,1.228,408.8,1.6869999999999998,21605.2,23821.1,-1.3963636363636365,2100.0
629,Prologis,4759.4,0.072,2939.7,0.984,58486.2,119524.5,-45.0,2053.0
630,Welltower,4742.1,0.03,336.1,-0.657,34910.3,43001.5,-69.0,464.0
631,Darling Ingredients,4741.4,0.327,650.9,1.193,6133.7,12987.4,29.0,9900.0
632,Juniper Networks,4735.4,0.065,252.7,-0.02,8887.0,11986.6,-50.0,10191.0
633,Gartner,4734.0,0.155,793.6,1.975,7416.3,24477.2,-21.0,16600.0
635,Hubbell,4703.5,0.124,399.5,0.138,5281.5,9959.6,-33.0,18300.0
636,CME Group,4689.7,-0.04,2636.4,0.252,196780.3,85492.3,-99.0,3480.0
637,Nexstar Media Group,4648.4,0.033,834.6,0.0289999999999999,13264.5,7728.3,-61.0,11817.0
638,Tutor Perini,4641.8,-0.127,91.9,-0.152,4724.9,551.8,-135.0,7800.0
640,Teledyne Technologies,4614.3,0.495,445.3,0.108,14430.3,22102.9,92.0,14500.0
641,Snap-on,4601.7,0.1669999999999999,820.5,0.309,6759.7,10976.1,-18.0,12800.0
642,Rent-A-Center,4583.5,0.629,134.9,-0.352,2993.3,1486.9,138.0,14290.0
645,Louisiana-Pacific,4553.0,0.633,1377.0,1.76,2194.0,5344.1,142.0,4800.0
646,Urban Outfitters,4548.8,0.319,310.6,250.307,3791.3,2421.4,32.0,16330.0
647,Penn Mutual Life Insurance,4545.6,0.228,522.9,0.8220000000000001,44190.9,,2.0,3194.0
648,Amerco,4542.0,0.142,610.9,0.382,14651.6,11704.7,-28.0,22052.0
649,TriNet Group,4540.0,0.125,338.0,0.243,3309.0,6482.5,-31.0,2800.0
650,Sentry Insurance Group,4526.2,0.262,739.9,2.667,23880.5,,8.0,4064.0
651,Illumina,4526.0,0.397,762.0,0.162,15217.0,54855.8,55.0,10775.0
652,Iron Mountain,4491.5,0.083,450.2,0.314,14450.0,16059.5,-47.0,25000.0
653,LCI Industries,4472.7,0.6,287.7,0.816,3288.1,2624.5,131.0,13900.0
655,PennyMac Financial Services,4450.2,-0.019,1003.5,-0.391,18776.6,2948.5,-88.0,7208.0
656,Digital Realty Trust,4427.9,0.134,1709.3,3.796,36369.6,40337.7,-29.0,3030.0
660,American National Group,4391.8,0.158,699.3,0.496,31320.3,5084.1,-24.0,4545.0
661,Autodesk,4386.4,0.157,497.0,-0.589,8606.8,46580.0,-24.0,12600.0
662,Domino's Pizza,4357.4,0.0579999999999999,510.5,0.039,1671.8,14665.9,-52.0,10450.0
663,ASGN,4333.8,0.0969999999999999,409.9,1.046,3502.8,6022.2,-41.0,3900.0
664,Flowers Foods,4330.8,-0.013,206.2,0.354,3253.3,5438.6,-76.0,8900.0
665,BlueLinx Holdings,4277.2,0.381,296.1,2.661,1317.5,699.5,62.0,2045.0
667,Maximus,4254.5,0.2289999999999999,291.2,0.358,4119.0,4641.1,10.0,35800.0
668,Dentsply Sirona,4251.0,0.272,421.0,,9220.0,10708.0,23.0,15000.0
669,Hub Group,4232.4,0.211,171.5,1.331,2437.3,2678.5,2.0,4700.0
670,Voya Financial,4230.0,-0.537,2126.0,,171262.0,7042.2,-338.0,5970.0
670,Bread Financial Holdings,4230.0,-0.064,801.0,2.748,21746.0,2804.6,-101.0,6000.0
672,Weis Markets,4224.4,0.027,108.8,-0.085,1910.5,1921.1,-61.0,24000.0
673,Century Communities,4216.3,0.3339999999999999,498.5,1.418,3496.9,1783.2,44.0,1600.0
674,Synopsys,4204.2,0.141,757.5,0.14,8752.3,51023.2,-23.0,16361.0
675,Brink's,4200.2,0.138,105.2,5.575,5566.7,3234.4,-25.0,73350.0
676,Lennox International,4194.1,0.154,464.0,0.302,2171.9,9447.2,-23.0,11000.0
677,Service Corp. International,4143.1,0.18,802.9,0.556,15691.2,10581.3,-7.0,20840.0
679,Timken,4132.9,0.176,369.1,0.297,5170.7,4539.6,-10.0,18029.0
681,Bloomin' Brands,4122.4,0.3,215.6,,3294.3,1966.6,33.0,82000.0
682,CNO Financial Group,4122.2,0.079,441.0,0.461,36204.4,2945.7,-50.0,3350.0
684,Zoom Video Communications,4099.9,0.546,1375.6,1.046,7551.3,35066.3,126.0,6787.0
685,Patrick Industries,4078.1,0.64,224.9,1.317,2650.7,1408.2,159.0,11000.0
686,Paychex,4056.8,0.004,1097.5,-0.001,9227.2,49268.0,-69.0,15000.0
687,Atlas Air Worldwide Holdings,4030.8,0.255,493.3,0.369,6443.2,2523.4,21.0,4056.0
690,Country Financial,4016.2,0.653,419.2,0.474,16327.2,,164.0,3149.0
691,Qorvo,4015.3,0.24,733.6,1.194,7221.5,13456.4,14.0,8750.0
692,Catalent,3998.0,0.292,585.0,1.651,9112.0,19862.7,36.0,17300.0
693,Mercury General,3993.4,0.055,247.9,-0.3379999999999999,6772.5,3045.4,-55.0,4300.0
694,AMN Healthcare Services,3984.2,0.664,327.4,3.633,3131.9,4796.1,168.0,3800.0
695,Tri Pointe Homes,3982.2,0.221,469.3,0.6629999999999999,4336.2,2160.1,5.0,1390.0
696,ArcBest,3980.1,0.354,213.5,2.003,2112.7,1979.7,59.0,14000.0
697,Toro,3959.6,0.172,409.9,0.243,2936.1,8936.9,-10.0,10982.0
699,Align Technology,3952.6,0.599,772.0,-0.565,5942.1,34354.8,151.0,22540.0
700,loanDepot,3943.2,-0.113,113.5,-0.944,11812.3,1290.3,-117.0,11307.0
701,APi Group,3940.0,0.098,47.0,,5159.0,4891.1,-45.0,13300.0
702,American Water Works,3930.0,0.0409999999999999,1263.0,0.7809999999999999,26075.0,30085.5,-62.0,6400.0
703,Matson,3925.3,0.647,927.4,3.803,3693.1,4927.5,163.0,4259.0
705,Marriott Vacations Worldwide,3890.0,0.348,49.0,,9613.0,6620.0,64.0,20300.0
706,Terex,3886.8,0.261,220.9,,2863.5,2485.5,29.0,8600.0
707,Sally Beauty Holdings,3875.0,0.103,239.9,1.118,2847.1,1720.5,-39.0,29000.0
708,Enovis,3854.3,0.255,71.7,0.6809999999999999,8515.3,6419.3,29.0,16200.0
709,IAC/InterActiveCorp,3845.1,0.262,597.5,1.215,12300.3,9001.4,31.0,13200.0
710,Meritor,3833.0,0.259,199.0,-0.188,2938.0,2519.4,32.0,9600.0
711,Ventas,3828.0,0.009,49.0,-0.888,24717.8,24676.2,-77.0,434.0
712,GoDaddy,3815.7,0.15,242.3,,7417.1,14018.7,-15.0,6611.0
713,Regal Rexnord,3810.3,0.311,209.9,0.109,10281.6,10002.1,50.0,30000.0
714,Puget Energy,3805.7,0.144,260.8,0.428,15871.9,,-19.0,3185.0
715,Clean Harbors,3805.6,0.21,203.2,0.507,5653.7,6073.8,6.0,18300.0
716,Pinnacle West Capital,3803.8,0.06,618.7,0.124,22003.2,8820.0,-59.0,5872.0
717,eXp World Holdings,3771.2,1.097,81.2,1.609,413.8,3149.3,-1.3963636363636365,1669.0
718,Mueller Industries,3769.3,0.5720000000000001,468.5,2.359,1728.9,3100.4,143.0,5337.0
720,RH,3758.8,0.32,688.5,1.533,5540.5,7079.0,57.0,6100.0
721,EPAM Systems,3758.1,0.413,481.7,0.472,3523.2,16870.7,87.0,58824.0
722,M/I Homes,3745.9,0.23,396.9,0.654,3239.9,1262.2,19.0,1657.0
723,Generac Holdings,3737.2,0.504,550.5,0.57,4877.8,18960.3,122.0,9248.0
724,Mettler-Toledo International,3717.9,0.205,769.0,0.276,3326.8,31220.3,10.0,16700.0
725,Abercrombie & Fitch,3712.8,0.188,263.0,,2939.5,1619.5,-1.0,19250.0
726,Teradyne,3702.9,0.186,1014.6,0.294,3809.4,19202.6,-1.3963636363636365,5900.0
727,American Equity Investment Life Holding,3689.5,0.522,474.0,-0.294,78349.1,3869.2,130.0,850.0
728,Southwest Gas Holdings,3680.5,0.1159999999999999,200.8,-0.136,12765.3,5233.6,-30.0,12720.0
730,Lamb Weston Holdings,3670.9,-0.032,317.8,-0.131,4209.4,8699.1,-95.0,7800.0
731,Alliant Energy,3669.0,0.074,659.0,0.073,18553.0,15670.6,-51.0,3313.0
732,Resolute Forest Products,3664.0,0.309,307.0,29.7,3538.0,991.7,51.0,6900.0
733,Parsons,3660.8,-0.066,64.1,-0.35,3830.9,4012.0,-108.0,15500.0
734,Trimble,3659.1,0.162,492.7,0.264,7099.6,18122.7,-14.0,11931.0
735,OGE Energy,3653.7,0.722,737.3,,12606.4,8164.2,198.0,2185.0
737,Winnebago Industries,3629.8,0.541,281.9,3.588,2062.6,1770.9,140.0,6532.0
738,Ciena,3620.7,0.025,500.2,0.384,4865.2,9223.4,-72.0,7205.0
739,PriceSmart,3619.9,0.087,98.0,0.254,1705.8,2434.1,-45.0,10400.0
740,Advantage Solutions,3602.3,0.142,54.5,,5854.3,2029.6,-22.0,45000.0
741,H&R Block,3588.6,0.359,683.9,,4014.4,4284.6,70.0,38000.0
743,Super Micro Computer,3557.4,0.065,111.9,0.327,2242.0,1963.0,-50.0,4155.0
744,Flowserve,3541.1,-0.05,125.9,-0.034,4749.8,4681.4,-101.0,16000.0
745,Charles River Laboratories International,3540.2,0.211,391.0,0.073,7024.3,14425.4,15.0,19300.0
746,A.O. Smith,3538.9,0.222,487.1,0.412,3474.4,10032.2,21.0,13700.0
747,New Residential Investment,3533.1,5.127999999999999,772.2,,39742.2,5125.0,-1.3963636363636365,12296.0
748,Medical Mutual of Ohio,3514.8,-0.003,78.3,-0.22,2646.4,,-81.0,2834.0
749,Granite Construction,3501.9,-0.017,10.1,,2494.9,1504.7,-86.0,2600.0
750,Valmont Industries,3501.6,0.209,195.6,0.39,3447.2,5083.4,16.0,11041.0
752,Primoris Services,3497.6,0.002,115.6,0.1009999999999999,2543.3,1269.8,-79.0,10810.0
753,Cboe Global Markets,3494.8,0.02,529.0,0.13,6814.5,12148.2,-74.0,1196.0
754,Carter's,3486.4,0.153,339.7,2.097,3201.8,3763.4,-9.0,15900.0
755,TopBuild,3486.2,0.283,324.0,0.312,4258.5,5987.1,40.0,13006.0
756,SiteOne Landscape Supply,3475.7,0.285,238.4,0.965,2116.1,7255.5,46.0,5475.0
757,Texas Roadhouse,3463.9,0.444,245.3,6.848,2512.0,5787.8,103.0,73300.0
758,Akamai Technologies,3461.2,0.0819999999999999,651.6,0.17,8138.7,19210.0,-47.0,8700.0
759,Acuity Brands,3461.0,0.04,306.3,0.2339999999999999,3575.1,6628.9,-63.0,13000.0
759,Brown-Forman,3461.0,0.0289999999999999,903.0,0.092,6522.0,31376.6,-70.0,4700.0
761,Navient,3454.0,-0.073,717.0,0.74,80605.0,2592.3,-117.0,5263.0
762,Coterra Energy,3449.0,1.352,1158.0,4.775,19900.0,21872.1,-1.3963636363636365,936.0
763,Option Care Health,3438.6,0.134,139.9,,2790.9,5139.0,-19.0,6334.0
764,Floor & Decor Holdings,3433.5,0.415,283.2,0.4529999999999999,3730.7,8573.8,92.0,9276.0
765,Public Storage,3415.8,0.172,1953.3,0.439,17380.9,68438.2,-3.0,5800.0
766,Cabot,3409.0,0.304,250.0,,3306.0,3871.1,47.0,4500.0
767,Crane Holdings,3408.0,0.16,435.4,1.406,4486.6,6158.9,-10.0,11000.0
768,Atmos Energy,3407.5,0.208,665.6,0.107,19608.7,16182.8,10.0,4684.0
769,Selective Insurance Group,3379.2,0.156,403.8,0.639,10461.4,5391.5,-8.0,2440.0
770,Take-Two Interactive Software,3372.8,0.092,588.9,0.456,6028.2,17744.1,-40.0,6495.0
771,Boyd Gaming,3369.8,0.547,463.8,,6224.2,7234.0,145.0,15114.0
772,Plexus,3368.9,-0.006,138.9,0.182,2461.9,2298.6,-87.0,19200.0
773,ScanSource,3364.2,-0.068,10.8,,1671.7,890.8,-118.0,2200.0
774,Franchise Group,3362.7,0.562,363.8,13.514,3913.2,1669.6,150.0,11895.0
775,NLV Financial,3350.8,0.302,392.1,1.025,41942.4,,48.0,1157.0
776,CrossAmerica Partners,3350.5,0.871,21.7,-0.7979999999999999,1270.1,826.5,-1.3963636363636365,2218.0
777,Mr. Cooper Group,3344.0,0.2239999999999999,1454.0,3.767,14204.0,3369.4,15.0,8200.0
778,Fortinet,3342.2,0.288,606.8,0.242,5919.1,54957.1,38.0,10195.0
779,Brinker International,3337.8,0.084,131.6,4.393,2274.9,1701.9,-43.0,59491.0
780,Albemarle,3328.0,0.064,123.7,-0.6709999999999999,10974.1,25899.4,-57.0,6000.0
781,Peabody Energy,3318.3,0.152,360.1,,4949.8,3391.5,-9.0,4900.0
782,Light & Wonder,3310.0,0.215,371.0,,7883.0,5679.7,12.0,5600.0
783,Evercore,3307.1,0.447,740.1,1.111,3802.7,4275.1,116.0,1940.0
784,Stewart Information Services,3305.8,0.445,323.2,1.087,2813.4,1635.1,114.0,7300.0
785,Central Garden & Pet,3303.7,0.226,151.7,0.257,3116.7,2286.5,19.0,6750.0
786,GMS,3298.8,0.018,105.6,3.515,2483.9,2142.1,-83.0,5843.0
787,H.B. Fuller,3278.0,0.175,161.4,0.305,4274.5,3505.2,-1.0,6500.0
788,Middleby,3250.8,0.293,488.5,1.357,6383.6,8961.1,49.0,10624.0
789,Renewable Energy Group,3244.1,0.518,213.8,0.741,2558.9,3056.2,139.0,1196.0
790,MSC Industrial Direct,3243.2,0.016,216.9,-0.136,2462.1,4758.3,-78.0,6472.0
791,Vishay Intertechnology,3240.5,0.295,298.0,1.4240000000000002,3543.3,2840.1,49.0,22800.0
792,Applied Industrial Technologies,3235.9,-0.003,144.8,5.021,2271.8,3947.9,-91.0,5947.0
793,Lincoln Electric Holdings,3234.2,0.218,276.5,0.341,2592.3,8079.1,16.0,11000.0
794,First Horizon,3234.0,-0.046,999.0,0.182,89092.0,12542.9,-108.0,7676.0
796,AptarGroup,3227.2,0.102,244.1,0.14,4141.4,7702.9,-37.0,13000.0
797,Citrix Systems,3217.2,-0.006,307.5,-0.39,6975.5,12704.6,-90.0,9700.0
798,IDEXX Laboratories,3215.4,0.188,744.8,0.28,2437.2,46089.3,2.0,10350.0
799,Tetra Tech,3213.5,0.073,232.8,0.3389999999999999,2576.6,8906.7,-51.0,21000.0
802,ResMed,3196.8,0.081,474.5,-0.237,4728.1,35463.3,-51.0,7970.0
803,Designer Brands,3196.6,0.43,154.5,,2014.6,991.4,104.0,13500.0
804,Graham Holdings,3186.0,0.103,352.1,0.172,7425.5,3000.6,-36.0,15048.0
806,Worthington Industries,3171.4,0.037,723.8,8.186,3373.2,2537.8,-68.0,9000.0
808,Xilinx,3147.6,-0.005,646.5,-0.184,5519.2,,-92.0,4890.0
809,TransUnion,3145.0,0.158,1387.1,3.042,12635.0,19882.6,-13.0,10200.0
810,Travel + Leisure,3134.0,0.451,308.0,,6588.0,4966.2,112.0,16800.0
811,Callaway Golf,3133.4,0.971,322.0,,7747.8,4337.1,-1.3963636363636365,24800.0
812,Dycom Industries,3130.5,-0.021,48.6,0.415,2118.2,2821.0,-102.0,15024.0
813,Columbia Sportswear,3126.4,0.25,354.1,2.278,3067.1,5840.4,28.0,8325.0
814,II-VI,3105.9,0.305,297.6,,6512.7,7708.2,54.0,22961.0
816,Grocery Outlet Holding,3079.6,-0.018,62.3,-0.416,2669.8,3148.0,-94.0,875.0
817,AMC Networks,3077.6,0.093,250.6,0.044,5748.9,1721.7,-38.0,1883.0
819,ChampionX,3075.0,0.618,113.3,,3534.7,4976.7,167.0,7000.0
820,Comfort Systems USA,3073.6,0.076,143.3,-0.045,2209.1,3200.5,-44.0,13200.0
822,Brown & Brown,3051.4,0.168,587.1,0.222,9795.4,20395.7,-8.0,12023.0
823,LGI Homes,3050.1,0.288,429.6,0.326,2351.9,2322.4,50.0,952.0
825,Comerica,3024.0,-0.023,1168.0,1.464,94616.0,11854.4,-96.0,7442.0
826,Energizer Holdings,3021.5,0.0559999999999999,160.9,,5007.5,2191.7,-51.0,6000.0
827,Hill-Rom Holdings,3018.7,0.048,248.5,0.114,4999.1,,-54.0,10000.0
829,Verisk Analytics,2998.6,0.077,666.2,-0.065,7808.1,34616.2,-41.0,9367.0
830,Spectrum Brands Holdings,2998.1,-0.244,189.6,0.939,5340.4,3617.6,-209.0,12100.0
831,Euronet Worldwide,2995.4,0.207,70.7,,4744.3,6658.2,16.0,8800.0
832,TEGNA,2991.1,0.018,477.0,-0.012,6917.6,4962.6,-76.0,6200.0
833,Vontier,2990.7,0.106,413.0,0.208,4349.8,4087.8,-32.0,8500.0
834,Cadence Design Systems,2988.2,0.114,696.0,0.178,4386.3,45781.7,-29.0,9298.0
835,Incyte,2986.3,0.12,948.6,,4933.4,17577.6,-28.0,2094.0
836,Match Group,2983.3,0.248,277.7,1.16,5063.3,31007.0,28.0,2520.0
837,Valvoline,2981.0,0.267,420.0,0.325,3191.0,5660.5,43.0,9800.0
838,EnerSys,2977.9,-0.036,143.4,0.046,3462.8,3076.0,-107.0,11400.0
840,UWM Holdings,2970.3,-0.3989999999999999,98.4,-0.971,22528.4,7223.5,-311.0,8000.0
841,Zions Bancorp.,2970.0,0.01,1129.0,1.095,93200.0,9958.2,-87.0,9685.0
842,Quad/Graphics,2960.4,-0.016,37.8,,1890.0,388.5,-96.0,15100.0
843,MKS Instruments,2949.6,0.266,551.4,0.575,4540.3,8327.6,45.0,6200.0
844,Arista Networks,2948.0,0.272,840.9,0.325,5734.4,42773.4,45.0,2993.0
845,Interactive Brokers Group,2938.0,0.185,308.0,0.579,109113.0,27961.7,3.0,2571.0
846,Range Resources,2930.2,0.488,411.8,,6660.5,7964.0,120.0,527.0
847,Atkore,2928.0,0.659,587.9,2.86,2210.1,4415.6,-1.3963636363636365,3700.0
848,Cheesecake Factory,2927.5,0.476,72.4,,2798.1,2098.6,111.0,45800.0
849,First Solar,2923.4,0.078,468.7,0.177,7413.7,8904.4,-51.0,4800.0
850,Bio-Rad Laboratories,2922.5,0.148,4245.9,0.1159999999999999,17775.8,16982.2,-21.0,7900.0
851,Cooper Cos.,2922.5,0.2019999999999999,2944.7,11.352,9606.2,20587.8,2.0,12000.0
852,Envista Holdings,2922.4,0.281,340.5,9.225,6574.2,7882.5,48.0,11200.0
854,Newmark Group,2906.4,0.526,750.7,8.377,5216.2,3009.9,129.0,6169.0
855,PC Connection,2892.6,0.1169999999999999,69.9,0.254,1083.4,1375.8,-38.0,2542.0
857,Boston Properties,2888.6,0.044,505.2,-0.421,22365.3,20179.9,-67.0,743.0
858,Western Midstream Partners,2877.2,0.038,916.3,0.7390000000000001,11273.1,10177.4,-69.0,1127.0
859,Magellan Midstream Partners,2870.1,0.182,982.0,0.2019999999999999,8030.0,10422.1,-4.0,1715.0
860,Hillenbrand,2864.8,0.138,249.9,,4014.9,3216.2,-24.0,10500.0
861,Donaldson,2853.9,0.105,286.9,0.1159999999999999,2400.2,6416.4,-40.0,13100.0
862,Moog,2852.0,-0.011,157.2,16.08,3433.2,2814.6,-91.0,14000.0
863,Hawaiian Electric Industries,2850.4,0.105,246.2,0.244,15822.6,4630.0,-41.0,3623.0
864,Five Below,2848.4,0.452,278.8,1.26,2880.5,8825.0,105.0,13150.0
866,Univision Communciations,2841.0,0.118,133.7,,14055.4,,-36.0,
867,Annaly Capital Management,2836.2,11.885,2389.9,,76764.1,10281.0,-1.3963636363636365,171.0
868,Fleetcor Technologies,2833.7,0.186,839.5,0.192,13404.7,19398.4,-3.0,9700.0
869,West Pharmaceutical Services,2831.6,0.319,661.8,0.912,3313.8,30508.2,56.0,10065.0
871,Cracker Barrel Old Country Store,2821.4,0.118,254.5,,2391.7,2757.6,-38.0,70000.0
872,Virtu Financial,2811.5,-0.132,476.9,-0.265,10320.0,6622.1,-168.0,973.0
873,Teleflex,2809.6,0.107,485.4,0.447,6871.7,16642.1,-41.0,14000.0
876,AppLovin,2793.1,0.925,35.4,,6163.6,20696.8,-1.3963636363636365,1594.0
877,Waters,2785.9,0.178,692.8,0.3279999999999999,3094.9,18783.4,-3.0,7800.0
878,Mutual of America Life Insurance,2784.8,0.836,50.7,,28325.2,,-1.3963636363636365,1146.0
879,Hovnanian Enterprises,2782.9,0.187,607.8,10.935,2320.5,371.9,6.0,1784.0
880,Amica Mutual Insurance,2777.9,0.018,117.1,-0.363,6937.3,,-87.0,3510.0
881,Caleres,2777.6,0.312,137.0,,1843.9,727.5,54.0,7200.0
882,FTI Consulting,2776.2,0.128,235.0,0.115,3100.9,5400.1,-30.0,6780.0
883,Overstock.com,2773.8,0.088,389.4,5.952999999999999,1066.0,1897.8,-56.0,1350.0
884,Visteon,2773.0,0.088,41.0,,2234.0,3056.1,-56.0,10000.0
885,G-III Apparel Group,2766.5,0.346,200.6,7.52,2742.5,1296.1,64.0,3250.0
886,ITT,2765.0,0.1159999999999999,316.3,3.363,3565.4,6415.4,-37.0,9900.0
887,IDEX,2764.8,0.176,449.4,0.19,4917.2,14591.6,-6.0,7536.0
888,Popular,2764.8,0.062,934.9,0.845,75097.9,6252.3,-73.0,8351.0
889,Roku,2764.6,0.555,242.4,,4082.1,16949.3,-1.3963636363636365,3000.0
890,Schnitzer Steel Industries,2758.6,0.611,165.1,,1494.4,1445.2,-1.3963636363636365,3167.0
892,Werner Enterprises,2734.4,0.153,259.1,0.532,2603.7,2697.9,-21.0,13525.0
894,SkyWest,2713.5,0.276,111.9,,7125.9,1457.6,36.0,15205.0
895,Primerica,2709.7,0.222,373.4,-0.033,16123.2,5326.8,14.0,3170.0
896,McAfee,2701.0,-0.071,849.0,,3422.0,,-132.0,2262.0
897,Nu Skin Enterprises,2695.7,0.044,147.3,-0.23,1906.5,2385.6,-77.0,19600.0
898,Copart,2692.5,0.221,936.5,0.3379999999999999,4562.1,29798.8,12.0,8600.0
899,PROG Holdings,2677.9,0.078,243.6,,1621.8,1586.9,-53.0,2023.0
903,Maxim Integrated Products,2632.5,0.201,827.3,0.264,4523.1,,9.0,7100.0
904,Ensign Group,2627.5,0.094,194.7,0.142,2850.6,4958.3,-45.0,25900.0
905,SM Energy,2622.9,1.328,36.2,,5234.0,4746.5,-1.3963636363636365,506.0
907,Federated Mutual Insurance,2612.2,0.141,320.1,0.615,10537.4,,-10.0,2702.0
908,F5,2603.4,0.107,331.2,0.077,4997.3,12691.2,-26.0,6429.0
909,Steelcase,2596.2,-0.303,26.1,-0.8690000000000001,2354.0,1339.5,-264.0,11400.0
910,Encore Wire,2592.7,1.03,541.4,6.117999999999999,1530.5,2250.3,-1.3963636363636365,1440.0
911,Guess,2591.6,0.381,171.4,,2555.6,1305.5,79.0,12500.0
912,Playtika Holding,2583.0,0.089,308.5,2.35,2803.3,7965.8,-40.0,4000.0
913,Pinterest,2578.0,0.523,316.4,,3537.2,16196.9,-1.3963636363636365,3225.0
915,ManTech International,2554.0,0.0139999999999999,137.0,0.1369999999999999,2639.6,3517.6,-80.0,9800.0
916,BrightView Holdings,2553.6,0.088,46.3,,3237.6,1351.5,-32.0,20150.0
917,NortonLifeLock,2552.0,-0.3389999999999999,554.0,-0.857,6361.0,15441.9,-286.0,2800.0
918,Deckers Outdoor,2545.6,0.1939999999999999,382.6,0.385,2167.7,7457.8,11.0,3400.0
919,Griffon,2541.7,0.0559999999999999,79.2,0.483,2604.7,1127.8,-61.0,6700.0
921,Curtiss-Wright,2505.9,0.048,267.2,0.327,4103.5,5771.0,-58.0,7800.0
922,MYR Group,2498.3,0.1119999999999999,85.0,0.447,1121.1,1594.5,-16.0,7600.0
923,Kontoor Brands,2475.9,,195.4,,1533.0,2325.3,-1.3963636363636365,14000.0
925,Knights of Columbus,2467.5,0.049,130.3,0.372,28838.4,,-47.0,749.0
926,AdaptHealth,2465.1,1.334,156.2,,5250.5,2146.6,-1.3963636363636365,10700.0
927,MillerKnoll,2465.1,-0.009,173.1,,2061.9,2617.7,-84.0,7600.0
928,Equity Residential,2464.0,-0.042,1332.9,0.4589999999999999,21169.2,33802.5,-104.0,2400.0
929,DexCom,2448.5,0.271,154.7,-0.687,4863.6,49824.5,47.0,6650.0
930,Rollins,2424.3,0.122,350.7,0.345,1980.9,17260.7,-9.0,16482.0
931,Genesco,2422.1,0.356,114.9,,1562.1,868.7,-1.3963636363636365,11700.0
932,Bruker,2417.9,0.217,277.1,0.7559999999999999,3650.0,9694.7,26.0,7765.0
933,Joann,2417.6,-0.125,56.7,-0.733,2362.2,463.2,-142.0,13530.0
934,Wolverine World Wide,2414.9,0.348,68.6,,2586.4,1836.1,-1.3963636363636365,4400.0
935,Gray Television,2413.0,0.013,90.0,-0.78,11108.0,2093.2,-68.0,8801.0
936,Affiliated Managers Group,2412.4,0.19,565.7,1.798,8876.4,5606.8,15.0,4050.0
937,Summit Materials,2409.7,0.033,152.2,0.103,4239.1,3687.8,-50.0,5500.0
938,SLM,2409.3,0.024,1160.5,0.318,29221.9,5129.7,-59.0,1450.0
939,Belden,2408.1,0.221,63.9,,3417.7,2492.5,25.0,7400.0
940,Allison Transmission Holdings,2402.0,0.154,442.0,0.478,4457.0,3810.6,3.0,3400.0
941,Element Solutions,2399.8,0.295,203.3,1.686,5138.4,5434.8,-1.3963636363636365,5300.0
942,Portland General Electric,2396.0,0.1169999999999999,244.0,0.574,9494.0,4940.0,-16.0,2839.0
943,REV Group,2380.8,0.045,44.4,,1238.3,843.4,-41.0,6800.0
944,Acadia Healthcare,2376.9,-0.259,190.6,,4768.1,5891.3,-235.0,19200.0
945,Alexandria Real Estate Equities,2373.6,0.0289999999999999,571.2,-0.259,30219.4,32188.6,-55.0,559.0
946,Nordson,2362.2,0.114,454.4,0.821,3791.0,13157.1,-12.0,6813.0
947,NewMarket,2356.1,0.172,190.9,-0.294,2558.4,3346.7,7.0,2104.0
949,Stepan,2346.0,0.255,137.8,0.087,2065.6,2215.6,43.0,2439.0
950,Valhi,2335.4,0.243,127.2,1.304,3005.2,828.8,39.0,2847.0
951,Hilton Grand Vacations,2335.0,1.612,176.0,,8008.0,6247.9,-1.3963636363636365,13000.0
953,Etsy,2329.1,0.35,493.5,0.413,3831.8,15787.7,-1.3963636363636365,2402.0
954,Crocs,2313.4,0.669,725.7,1.32,1545.1,4676.2,-1.3963636363636365,5770.0
955,Olympic Steel,2312.3,0.8740000000000001,121.1,,1023.6,427.8,-1.3963636363636365,1642.0
956,Signature Bank,2311.3,0.152,918.4,0.738,118445.4,18416.9,-1.3963636363636365,1854.0
957,SBA Communications,2308.8,0.108,237.6,8.857999999999999,9801.7,37168.7,-15.0,1596.0
959,Entegris,2298.9,0.236,409.1,0.387,3191.9,17830.9,38.0,6850.0
960,AvalonBay Communities,2294.9,-0.003,1004.3,0.213,19902.0,34710.3,-64.0,2883.0
961,Saia,2288.7,0.256,253.2,0.831,1845.3,6438.4,-1.3963636363636365,11600.0
962,E.W. Scripps,2283.5,0.192,122.7,-0.544,6658.3,1718.3,17.0,5600.0
963,TTEC Holdings,2273.1,0.166,141.0,0.188,1996.8,3878.0,11.0,65000.0
964,Sun Communities,2272.6,0.625,380.2,1.888,13494.1,20372.8,-1.3963636363636365,5455.0
965,Alpha Metallurgical Resources,2258.6,0.367,288.8,,1857.7,2447.5,-1.3963636363636365,3500.0
966,GEO Group,2256.6,-0.04,77.4,-0.315,4537.4,809.8,-83.0,15800.0
967,Viasat,2256.1,-0.023,3.7,,5349.5,3630.4,-75.0,5800.0
968,Benchmark Electronics,2255.3,0.098,35.8,1.545,1903.9,881.4,-18.0,10900.0
969,Kar Auction Services,2251.6,0.0289999999999999,66.5,132.0,7417.2,2187.3,-56.0,8928.0
970,TTM Technologies,2248.7,,54.4,-0.6940000000000001,3025.5,1506.2,-65.0,16100.0
972,Woodward,2245.8,-0.1,208.6,-0.132,4091.0,7882.4,-130.0,7200.0
974,Spire,2235.5,0.205,271.7,2.067,9356.4,3713.6,25.0,3710.0
975,Vista Outdoor,2225.5,0.267,266.0,,1764.9,2007.9,-1.3963636363636365,5900.0
977,LHC Group,2219.6,0.076,115.7,0.037,2895.6,5229.6,-30.0,23000.0
978,Amedisys,2214.1,0.069,209.1,0.139,1857.0,5603.9,-39.0,21000.0
980,Arch Resources,2208.0,0.505,337.6,,2117.2,2126.2,-1.3963636363636365,3303.0
981,Aerojet Rocketdyne Holdings,2188.0,0.0559999999999999,143.7,0.044,2433.6,3169.4,-36.0,5000.0
982,Sleep Number,2184.9,0.177,153.7,0.105,919.5,1123.7,16.0,5388.0
983,HNI,2184.4,0.1169999999999999,59.8,0.427,1497.9,1568.7,-12.0,8000.0
985,TrueBlue,2173.6,0.177,61.6,,1033.2,995.6,-1.3963636363636365,6400.0
988,Dropbox,2157.9,0.127,335.8,,3091.3,8873.5,-8.0,2667.0
989,New Jersey Resources,2156.6,0.104,117.9,-0.392,5722.3,4405.4,-17.0,1251.0
990,Acushnet Holdings,2147.9,0.332,178.9,0.863,2005.8,2914.0,-1.3963636363636365,6500.0
992,Beazer Homes USA,2140.3,0.006,122.0,1.336,2078.8,478.8,-61.0,1052.0
993,Chemed,2139.3,0.0289999999999999,268.6,-0.159,1342.7,7592.5,-49.0,14137.0
995,BWX Technologies,2124.1,,305.9,0.098,2501.4,4925.6,-63.0,6600.0
997,1-800-Flowers.com,2122.2,0.425,118.7,1.011,1076.7,830.0,-1.3963636363636365,4800.0
998,Cowen,2112.8,0.302,295.6,0.366,8748.8,744.1,-1.3963636363636365,1534.0
999,Ashland Global Holdings,2111.0,-0.1119999999999999,220.0,,6612.0,5601.9,-130.0,4100.0
